MH, FITNESS
WOA, 1.42e-07
WOA, 1.1e-08
WOA, 5.62e-10
WOA, 1.48e-09
WOA, 2.3e-07
WOA, 3.23e-09
WOA, 9.16e-08
WOA, 7.7e-11
WOA, 1.02e-10
WOA, 6.48e-08
WOA, 2.24e-10
SRO, 0.0
SRO, 0.0
SRO, 0.0
SRO, 0.0
SRO, 0.0
SRO, 0.0
SRO, 0.0
SRO, 0.0
SRO, 0.0
SRO, 0.0
SRO, 10.9
PSO, 0.00019
PSO, 7.25e-05
PSO, 0.000104
PSO, 0.000101
PSO, 1.68e-05
PSO, 0.000158
PSO, 0.000706
PSO, 0.000585
PSO, 0.000453
PSO, 0.000399
PSO, 0.000212
