MH, FITNESS
WOA, 0.00262
WOA, 0.031
WOA, 0.00613
WOA, 0.00207
WOA, 0.00562
WOA, 0.00338
WOA, 0.00181
WOA, 0.0163
WOA, 0.0427
WOA, 0.00629
WOA, 2.55e-05
SRO, 0.00256
SRO, 0.000993
SRO, 0.0113
SRO, 0.00395
SRO, 0.00251
SRO, 0.00262
SRO, 0.013
SRO, 0.0113
SRO, 0.00486
SRO, 0.0156
SRO, 0.00694
PSO, 0.049
PSO, 0.0332
PSO, 0.24
PSO, 0.0564
PSO, 0.0512
PSO, 0.0373
PSO, 0.0513
PSO, 0.0846
PSO, 0.0742
PSO, 0.0783
PSO, 0.03
