MH, FITNESS
WOA, 0.00217
WOA, 3.3
WOA, 1.53e-05
WOA, 3.02e-07
WOA, 0.223
WOA, 0.189
WOA, 0.344
WOA, 0.00042
WOA, 0.0414
WOA, 0.00399
WOA, 0.0145
WOA, 0.0376
WOA, 0.0345
WOA, 0.0562
WOA, 1.05
SRO, 33.3
SRO, 25.6
SRO, 46.9
SRO, 45.4
SRO, 62.5
SRO, 76.3
SRO, 47.8
SRO, 34.2
SRO, 42.3
SRO, 53.8
SRO, 86.1
SRO, 46.7
SRO, 64.0
PSO, 1.13e-06
PSO, 1.56e-06
PSO, 8.24e-07
PSO, 2.35e-05
PSO, 0.88
PSO, 1.21
PSO, 0.66
PSO, 1.33
PSO, 0.939
PSO, 1.12
PSO, 1.03
PSO, 0.527
PSO, 0.83
PSO, 0.544
PSO, 0.727
