MH, FITNESS
WOA, 2.98
WOA, 2.15
WOA, 582.0
WOA, 0.035
WOA, 0.000227
WOA, 1.84
WOA, 167.0
WOA, 7.58
WOA, 16.8
WOA, 466.0
WOA, 102.0
SRO, 0.0
SRO, 4720.0
SRO, 0.0
SRO, 0.0
SRO, 0.0
SRO, 0.0
SRO, 0.0
SRO, 0.0
SRO, 0.0
SRO, 0.0
SRO, 0.0
PSO, 0.000213
PSO, 0.0275
PSO, 0.00674
PSO, 0.000118
PSO, 0.00562
PSO, 0.0152
PSO, 0.00395
PSO, 6.9e-05
PSO, 0.000331
PSO, 0.00183
PSO, 0.00238
